use vending_machine;

-------- Country --------
INSERT INTO country (name) VALUES 
('Ukraine'),
('France'),
('Poland'),
('Italy');

-------- Region --------
INSERT INTO region (name, country_id) VALUES 
('Kyiv region', 1),
('Lviv region', 1),
('Lutsk region', 1),
('Vinnytsia region', 1),
('Odesa region', 1),
('Luhansk region', 1),
('Ivano-Frankivsk region', 1),
('Kharkiv region', 1),
('Dnipro region', 1),
('Ternopil region', 1);

INSERT INTO region (name, country_id) VALUES ('lol', 5);

-------- City --------
INSERT INTO city (name, region_id) VALUES 
('Kyiv',1),
('Lviv',2),
('Lutsk',3),
('Vinnytsia',4),
('Odesa',5),
('Luhansk',6),
('Ivano-Frankivsk',7),
('Kharkiv',8),
('Dnipro',9),
('Ternopil',10);

-------- Address --------
INSERT INTO address (city_id, street, house_number, appartment_number) VALUES
('1', 'Pavla Tychyny Ave', '1B', null),
('2', 'Kulparkivska St', '226A', null),
('3', 'Kyivska Square', '11', null),
('4', 'Keletska St', '121', null),
('5', 'Henuez`ka St', '5', null),
('6', 'Pasichna St', '164', null),
('7', 'Het`mana Mazepy St', '168', null),
('8', 'Akademika Pavlova St', '44Б', null),
('9', 'Andriia Fabra St', '7', null),
('10', 'Tekstyl`na St', '28Ч', null),
('2', 'Yaneva St', null, null),
('2', 'Horodotska St', null, null);


-------- Service staff --------
INSERT INTO service_staff (name, last_name, address_id) VALUES
('Danylo', 'Kovalchuk', '11'),
('Jean Pierre', 'Polnareff', '12'),
('Bohdan', 'Derunchyk', '11'),
('Olha', 'Rubinchuk', '12'),
('Maksym', 'Pasenko', '12');


-------- Machine model --------
INSERT INTO machine_model (name, company) VALUES
('GPE 25', 'GPE'),
('GPE 30', 'GPE'),
('Palma+ H70', 'Azkoyen'),
('Mistral+ H70', 'Azkoyen'),
('CVM-FD60DPC21.5', 'Qingdao Easy Touch Technology Co.'),
('CVM-FD48WXT', 'Qingdao Easy Touch Technology Co.'),
('AMS 39 Outdoor Snack and Drink Vending Machine', 'GLORY-VM'),
('G-Snack Standard Twelve (XII) Master - SML', 'Vendo Sanden'),
('G-Snack Design Six (VI) Master', 'Vendo Sanden'),
('CVM-FD48DPC7', 'Qingdao Easy Touch Technology Co.');

-------- Vending machine --------
INSERT INTO vending_machine (machine_model_name, gps, address_id, contact_number) VALUES
('GPE 25', "N49°50'38.5434'' E24°1'55.3938''", '1', '0635784668'),
('GPE 30', "N49°50'38.5434'' E24°1'55.3938''", '2', '0635524668'),
('Palma+ H70', "N49°50'38.5434'' E24°1'55.3938''", '3', '0655784668'),
('Mistral+ H70', "N49°50'38.5434'' E24°1'55.3938''", '4', '0895784668'),
('AMS 39 Outdoor Snack and Drink Vending Machine', "N49°50'38.5434'' E24°1'55.3938''", '5', '0635894668'),
('CVM-FD60DPC21.5', "N49°50'38.5434'' E24°1'55.3938''", '6', '0623594668'),
('G-Snack Standard Twelve (XII) Master - SML', "N49°50'38.5434'' E24°1'55.3938''", '7', '0632487668'),
('CVM-FD48WXT', "N49°50'38.5434'' E24°1'55.3938''", '8', '0635111668'),
('CVM-FD48WXT', "N49°50'38.5434'' E24°1'55.3938''", '9', '0635684668'),
('GPE 25', "N49°50'38.5434'' E24°1'55.3938''", '10', '0634856968');


-------- Trademark --------
INSERT INTO trademark (name) VALUES
('Mondelez'),
('Mars'),
('Nestlé'),
("McVitie's"),
('Glico');

-------- Snack --------
INSERT INTO snack (name, net_weight, trademark_name) VALUES
('Biscuit "Barni" Chocolate', '30', 'Mondelez'),
('Biscuit "Barni" Milk', '30', 'Mondelez'),
('OREO Original', '70', 'Mondelez'),
('OREO Chocolate', '70', 'Mondelez'),
('OREO Double Stuff', '70', 'Mondelez'),
('SKITTLES Original Fruity Candy Single Pack', '62', 'Mars'),
('SKITTLES Wild Berry Candy Single Pack', '62', 'Mars'),
('SKITTLES Brightside Candy Single Pack', '62', 'Mars'),
('SKITTLES Sour Candy Single Pack', '51', 'Mars'),
('SKITTLES Original Fruity Candy Share Size Bag', '133', 'Mars'),
('SKITTLES Wild Berry Candy Share Size Bag', '133', 'Mars'),
('SKITTLES Brightside Candy Share Size Bag', '133', 'Mars'),
('SKITTLES Sour Candy Share Size Bag', '105', 'Mars'),
('CHOCOLATE Cream Covered Biscuit Stics', '70', 'Glico'),
('STRAWBERRY Cream Covered Biscuit Stics', '70', 'Glico'),
('COOKIES & CREAM Cream Covered Biscuit Stics', '70', 'Glico'),
('Chocolate Hobnobs', '262', "McVitie's"),
('SMARTIES Tube of Milk Chocolate', '28', 'Nestlé'),
('SMARTIES Sharing Pouch of Milk Chocolate', '105', 'Nestlé'),
('4 FINGER KITKAT', '42', 'Nestlé'),
('Kit Kat Chunky Popcorn', '42', 'Nestlé');

-------- Menu --------
INSERT INTO menu (vending_machine_id, slot_number, snack_id, quantity, price_per_unit) VALUES
('1', '101', '6', '5', '15.5'),
('1', '102', '6', '6', '15.5'),
('1', '103', '7', '7', '15.5'),
('1', '104', '7', '8', '15.5'),
('1', '201', '8', '9', '15.5'),
('1', '202', '8', '0', '15.5'),
('1', '203', '8', '5', '15.5'),
('1', '204', '8', '2', '15.5'),
('1', '301', '9', '4', '20'),
('1', '302', '9', '8', '20'),
('1', '303', '10', '7', '20'),
('1', '304', '10', '9', '20'),
('1', '401', '11', '2', '20'),
('1', '402', '12', '0', '20'),
('1', '403', '13', '5', '20'),
('1', '404', '13', '0', '20');

INSERT INTO menu (vending_machine_id, slot_number, snack_id, quantity, price_per_unit) VALUES
('2', '101', '1', '2', '10'),
('2', '102', '1', '5', '10'),
('2', '103', '2', '0', '10'),
('2', '201', '3', '4', '12'),
('2', '202', '3', '1', '12'),
('2', '203', '3', '8', '12'),
('2', '301', '4', '5', '12'),
('2', '302', '4', '9', '12'),
('2', '303', '4', '2', '12'),
('2', '401', '5', '0', '15'),
('2', '402', '5', '1', '15'),
('2', '403', '5', '0', '15');

INSERT INTO menu (vending_machine_id, slot_number, snack_id, quantity, price_per_unit) VALUES
('4', '101', '20', '5', '17'),
('4', '102', '20', '4', '17'),
('4', '103', '20', '6', '17'),
('4', '104', '20', '0', '17'),
('4', '201', '21', '4', '17.5'),
('4', '202', '21', '1', '17.5'),
('4', '203', '21', '5', '17.5'),
('4', '204', '21', '2', '17.5');

INSERT INTO menu (vending_machine_id, slot_number, snack_id, quantity, price_per_unit) VALUES 
('6', '11', '14', '2', '24'),
('6', '12', '14', '4', '24'),
('6', '13', '14', '2', '24'),
('6', '21', '15', '1', '24'),
('6', '22', '15', '3', '24'),
('6', '23', '15', '1', '24'),
('6', '31', '16', '4', '24'),
('6', '32', '16', '5', '24'),
('6', '33', '16', '1', '24'),
('6', '41', '17', '5', '25'),
('6', '42', '17', '7', '25'),
('6', '43', '17', '6', '25');

INSERT INTO menu (vending_machine_id, slot_number, snack_id, quantity, price_per_unit) VALUES 
('7', '11', '18', '0', '5'),
('7', '12', '18', '0', '5'),
('7', '13', '18', '0', '5'),
('7', '21', '19', '0', '9'),
('7', '22', '19', '0', '9'),
('7', '23', '19', '0', '9'),
('7', '31', '20', '0', '16'),
('7', '32', '20', '0', '16'),
('7', '33', '20', '0', '16'),
('7', '41', '21', '0', '17'),
('7', '42', '21', '0', '17'),
('7', '43', '21', '0', '17');


-------- Cash load --------
INSERT INTO cash_load (vending_machine_id, service_staff_id, amount, date) VALUES
('1', '1', '200', date(now())),
('1', '2', '250', '2022-09-19'),
('2', '3', '100', '2022-09-20'),
('2', '5', '300', '2022-08-30'),
('3', '1', '200', '2022-08-29'),
('5', '4', '250', '2022-09-15'),
('7', '4', '260', '2022-09-14'),
('8', '3', '200', '2022-09-25'),
('8', '3', '150', '2022-07-09'),
('4', '2', '300', '2022-09-12'),
('4', '5', '200', '2022-09-13');

-------- Cash withdrawal --------
INSERT INTO cash_withdrawal (vending_machine_id, service_staff_id, amount, date) VALUES 
('1', '1', '500', '2022-09-01'),
('1', '2', '650', '2022-09-19'),
('2', '3', '800', '2022-09-20'),
('2', '5', '400', '2022-08-30'),
('3', '1', '500', '2022-08-29'),
('5', '4', '350', '2022-09-15'),
('7', '4', '260', '2022-09-14'),
('8', '3', '400', '2022-09-25'),
('8', '3', '250', '2022-07-09'),
('4', '2', '700', '2022-09-12'),
('4', '5', '400', '2022-09-13');

-------------- Restock --------------
INSERT INTO restock (menu_vending_machine_id, menu_slot_number, quantity, service_staff_id, date) VALUES
('1', '101', '12', '1', '2022-09-13'),
('1', '102', '12', '1', '2022-09-13'),
('1', '103', '12', '1', '2022-09-13'),
('1', '104', '12', '1', '2022-09-13'),
('1', '201', '12', '1', '2022-09-13'),
('1', '202', '12', '1', '2022-09-13'),
('1', '203', '12', '1', '2022-09-13'),
('1', '204', '12', '1', '2022-09-13'),
('1', '301', '12', '5', '2022-09-14'),
('1', '302', '12', '5', '2022-09-14'),
('1', '303', '12', '5', '2022-09-14'),
('1', '304', '12', '5', '2022-09-14'),
('1', '401', '12', '5', '2022-09-14'),
('1', '402', '12', '5', '2022-09-14'),
('1', '403', '12', '5', '2022-09-14'),
('1', '404', '12', '5', '2022-09-14'),
('6', '11', '10', '4', '2022-09-17'),
('6', '12', '10', '4', '2022-09-17'),
('6', '13', '10', '4', '2022-09-17'),
('6', '21', '10', '4', '2022-09-17'),
('6', '22', '10', '4', '2022-09-17'),
('6', '23', '10', '4', '2022-09-17'),
('6', '31', '10', '4', '2022-09-17'),
('6', '32', '10', '4', '2022-09-17'),
('6', '33', '10', '4', '2022-09-17'),
('6', '41', '10', '4', '2022-09-17'),
('6', '42', '10', '4', '2022-09-17'),
('6', '43', '10', '4', '2022-09-17');

-------- Sold --------
INSERT INTO sold (menu_vending_machine_id, menu_slot_number, time) VALUES 
('1', '101', '2022-09-20 01:20:00'),
('1', '102', '2022-09-20 10:10:00'),
('1', '204', '2022-09-20 10:15:00'),
('1', '202', '2022-09-20 10:20:00'),
('1', '301', '2022-09-20 10:30:00'),
('1', '104', '2022-09-20 10:40:00'),
('1', '401', '2022-09-20 10:55:00'),
('1', '404', '2022-09-20 11:00:00'),
('1', '402', '2022-09-20 11:20:00'),
('2', '103', '2022-09-20 11:32:00'),
('2', '103', '2022-09-20 12:50:00'),
('2', '102', '2022-09-20 12:59:00'),
('2', '401', '2022-09-20 12:59:30'),
('2', '403', '2022-09-20 14:10:00'),
('2', '101', '2022-09-20 14:11:00'),
('2', '201', '2022-09-20 15:24:00'),
('2', '201', '2022-09-20 16:56:00'),
('2', '203', '2022-09-20 16:59:00'),
('4', '102', '2022-09-20 18:20:00'),
('4', '104', '2022-09-20 18:42:00'),
('1', '103', '2022-09-20 18:49:00'),
('4', '202', '2022-09-20 18:50:00'),
('4', '201', '2022-09-20 18:55:00'),
('1', '101', '2022-09-20 18:59:00'),
('1', '104', '2022-09-20 20:16:00'),
('2', '201', '2022-09-20 20:34:00'),
('1', '401', '2022-09-20 20:39:00'),
('1', '403', '2022-09-20 20:46:00');

INSERT INTO sold (menu_vending_machine_id, menu_slot_number, time) VALUES 
('1', '101', '2022-09-21 01:20:00'),
('1', '102', '2022-09-21 10:10:00'),
('1', '204', '2022-09-21 10:15:00'),
('1', '202', '2022-09-21 10:20:00'),
('1', '301', '2022-09-21 10:30:00'),
('1', '104', '2022-09-21 10:40:00'),
('1', '401', '2022-09-21 10:55:00'),
('1', '404', '2022-09-21 11:00:00'),
('1', '402', '2022-09-21 11:20:00'),
('2', '103', '2022-09-21 11:32:00'),
('2', '103', '2022-09-21 12:50:00'),
('2', '102', '2022-09-21 12:59:00'),
('2', '401', '2022-09-21 12:59:30'),
('2', '403', '2022-09-21 14:10:00'),
('2', '101', '2022-09-21 14:11:00'),
('2', '201', '2022-09-21 15:24:00'),
('2', '201', '2022-09-21 16:56:00'),
('2', '203', '2022-09-21 16:59:00'),
('4', '102', '2022-09-21 18:20:00'),
('4', '104', '2022-09-21 18:42:00'),
('1', '103', '2022-09-21 18:49:00'),
('4', '202', '2022-09-21 18:50:00'),
('4', '201', '2022-09-21 18:55:00'),
('1', '101', '2022-09-21 18:59:00'),
('1', '104', '2022-09-21 20:16:00'),
('2', '201', '2022-09-21 20:34:00'),
('1', '401', '2022-09-21 20:39:00'),
('1', '403', '2022-09-21 20:46:00');